,,Picked,Picked,Picked,Picked,Picked,Picked,Picked,Picked,Picked,Picked,Picked,Picked,Picked
Country,,AT,BE,CH,DE,DK,FI,FR,GB,IE,MT,NL,NO,SE
InventorySku,zone,,,,,,,,,,,,,
A001,01,,,,,,,,,,,,,112.0
A002,01,,,,,,155.0,,,,,,,176.0
A003,01,,,,,,,,,,,789.0,,
A004,01,,,,,,,,,,,,184.0,
A005,01,,1823.0,,,,,1907.0,,,,,,
A006,01,,255.0,,,,,,,,,43.0,,
A007,01,,,,,,,,,,,290.0,,
A008,01,47.0,,69.0,97.0,,,90.0,,,,,,
A009,01,,,,,,417.0,,,,,,,1154.0
A010,01,,,,,,,,183.0,522.0,220.0,,,
A011,01,,,,,,,,183.0,522.0,220.0,,,
A012,01,,,,,,,,,,,,625.0,
A013,01,,,,,,404.0,,,,,,,1585.0
A014,01,,,,,,,,,,,,,1219.0
A015,01,,1913.0,,,,,1681.0,,,,740.0,,
A016,01,,,,,,172.0,,,,,,,741.0
A017,01,,,,,,278.0,,,,,,,1050.0
A018,01,1663.0,,,4111.0,,,,,,,,,
A019,01,897.0,,,2879.0,,,,,,,,,
A020,01,,,780.0,,,,,,,,,,
A021,01,317.0,,,1688.0,,,719.0,,,,,,
A022,01,,,,,,,,132.0,828.0,196.0,,,
A023,01,,,,,,,,,,,,3635.0,
A024,01,,,,,1024.0,,,,,,,1543.0,
A025,01,,,,,,,,,,,,1874.0,
A026,01,,,,,,,,,,,,208.0,133.0
A027,01,,,,,,,,,,,2022.0,,
A028,01,,341.0,,,,,,,,,,,
A029,01,,,,,,16.0,,,,,,,56.0
A030,01,527.0,,,1754.0,,,,,,,,,
A031,01,,3455.0,,,,,,,,,2370.0,,
A032,01,,13355.0,,,,,8924.0,,,,,,
A033,01,1013.0,,,2342.0,,,,,,,,,
A034,01,,,3342.0,,,,4774.0,,,,,,
A035,01,1276.0,,,2660.0,,,,,,,,,
A036,01,119.0,,,349.0,,,,,,,,,
A038,01,,,,,,,,22.0,113.0,97.0,,,
A039,01,148.0,,,297.0,,,,,,,,,
A040,01,,,,,648.0,,,56.0,485.0,,,,
A041,01,,,1256.0,,,,2233.0,,,,,,
A042,01,,,3604.0,,,,,,,,,,
A043,01,,,,,,,,,,,,1242.0,
A044,01,,,,,,287.0,,,,,,,1175.0
A045,01,,,,,,,,75.0,320.0,286.0,,,
A046,01,,,,,,124.0,,,,,,,319.0
A047,01,,,,,,,,,,,,2320.0,
A048,01,,,,,,,,,,,1790.0,,
A049,01,,,,,,,,,,,,331.0,
A050,01,,,,,,,,,,,1749.0,,
A051,01,,4332.0,,,,,,,,,,,
A053,01,,,,,,,,147.0,590.0,82.0,,,
A054,01,,,,,,,,148.0,490.0,116.0,,,
A055,01,,,,,,,,3.0,25.0,10.0,,,
A056,01,,,,,,,734.0,,,,,,
A057,01,,,,,,,,138.0,728.0,120.0,,,
A058,03,,156.0,,,,,,,,,,,
A059,03,61.0,,158.0,198.0,,,,,,,,,
A060,03,,,,,129.0,,,,,,,,
A061,03,42.0,,83.0,81.0,,,110.0,,,,,,
A062,03,,236.0,,,,,117.0,,,,,,
A063,03,,,,,,,,,,,,294.0,
A064,03,629.0,,,857.0,,,,,,,,,
A065,03,,,,,,33.0,,,,,,,83.0
A066,03,,,,,,,,,,,,26.0,19.0
A067,03,34.0,,117.0,97.0,,,,,,,,,
A068,03,,,349.0,,,,,,,,,,
A069,03,,557.0,,,,,,,,,433.0,,
A071,03,,,,,114.0,,,,,,,,
A072,03,,,,,,,,,,,,230.0,
A073,03,,,,,,,,,,,,6203.0,
A074,03,,,646.0,,,,3141.0,,,,,,
A075,03,,,,,324.0,,,,,,,,
A076,03,,465.0,,,,,228.0,,,,72.0,,
A077,03,,,,,,,,65.0,427.0,100.0,,,
A078,03,,,,,,196.0,,,,,,,669.0
A079,03,,,267.0,,,,,,,,,,
A080,03,,,,,,,,,,,7366.0,,
A082,03,,5498.0,,,,,,,,,,,
A083,03,1701.0,,,4984.0,,,,,,,,,
A084,03,,5944.0,,,,,,,,,2952.0,,
A085,03,391.0,,,1659.0,,,,,,,,,
A086,03,,7130.0,,,,,,,,,,,
A087,03,2941.0,,,5903.0,,,,,,,,,
A088,03,,,,,,241.0,4064.0,,,,,1208.0,
A089,03,234.0,,,738.0,,,,,,,,,
A090,03,,,,,297.0,,,,,,,531.0,
A091,03,322.0,,922.0,3648.0,,,1239.0,,,,,,
A092,03,,4485.0,,,,,,,,,2624.0,,
A093,03,,,2764.0,,,,5313.0,,,,,,
A094,03,,,,,,,,,,,,,1891.0
A095,03,,,,,,,,,,,2336.0,,
A096,03,,,1708.0,,,,,,,,,,
A097,03,,1032.0,,,,,,,,,1476.0,,
A098,03,,,,,,,,,,,,720.0,
A099,03,,,,,,,5716.0,,,,2160.0,,
A100,03,,2309.0,,,,,,,,,,,
A101,03,,3421.0,,,,,,,,,,,
A102,03,,,,,,,,37.0,82.0,28.0,,,
A103,03,,,,,,,,110.0,399.0,,,,
A105,03,,,,,,69.0,,,,,,,258.0
A106,03,,2205.0,,,,,,,,,,,
A107,03,,,,,,,,4.0,19.0,21.0,,,
A108,03,,,,,,217.0,,,,,,,517.0
A109,03,,,312.0,,,,,,,,,,
A110,05,,1450.0,,,,,,,,,,,
A111,05,,,,,,,,,,,,272.0,
A112,05,,,,,,,,,,,,214.0,
A113,05,,,,,,,,,,,,767.0,
A114,05,,,,,,,,,,,,609.0,
A115,05,,,,,,167.0,,,,,,,214.0
A116,05,,,,,,,,,,,,57.0,26.0
A117,05,,,783.0,,,,,,,,,,
A118,05,,,,,,,,37.0,55.0,77.0,,,
A119,05,,,,,,,,3.0,4.0,,,,
A120,05,55.0,,54.0,53.0,,,,,,,,,
A121,05,,,,,,,,28.0,86.0,,,,
A122,05,,,,,,551.0,,,,,,,1069.0
A123,05,,,,,,214.0,,,,,,,748.0
A124,05,,6048.0,,,,,,,,,,,
A125,05,,,,,,582.0,,,,,,,1675.0
A126,05,1250.0,,1687.0,3168.0,,,,,,,,,
A127,05,1815.0,,3235.0,4120.0,,,,,,,,,
A128,05,443.0,,569.0,738.0,,,,,,,,,
A129,05,,,,,,,,,,,,1286.0,
A130,05,192.0,,,852.0,,,,,,,,,
A131,05,,,255.0,,,,,,,,,,
A132,05,1716.0,,,6088.0,,,,,,,,,
A133,05,,190.0,,,,,,,,,44.0,,
A134,05,,,,,,89.0,,,,,,,336.0
A135,05,,,,,,,,,,,,,1651.0
A136,05,,3359.0,,,,,,,,,,,
A137,05,,,,,,,,,,,2194.0,,
A138,05,,1267.0,,,,,581.0,,,,198.0,,
A139,05,,,,,,,,,,,,437.0,
A140,05,,,1983.0,,,,4848.0,,,,,,
A142,05,804.0,,1144.0,1645.0,,,,,,,,,
A143,05,,,,,,,,500.0,1647.0,261.0,,,
A144,05,,395.0,,,,,203.0,,,,77.0,,
A145,05,,,,,,,,,,,,1962.0,
A146,05,742.0,,,2128.0,,,,,,,,,
A147,05,,,,,,,198.0,,,,,,
A148,05,,,,,2640.0,,,,,,,,
A149,05,,,,,,,,,,,74.0,,
A150,05,941.0,,,2976.0,,,,,,,,,
A151,05,,2253.0,,,,,,,,,464.0,,
A152,05,,,,,,126.0,,,,,,,400.0
A153,05,,,,,,50.0,,,,,,,183.0
A154,05,,,,,,435.0,,,,,,,1557.0
A155,05,,,,,,,,,,,1736.0,,
A156,05,,,,,,174.0,,,,,,,645.0
A157,05,,,2031.0,,,,3265.0,,,,,,
A158,05,,1143.0,,,,,,,,,,,
A159,05,,,,,,,1575.0,,,,933.0,,
A160,05,,,,,,,,,,,,1234.0,
A161,05,,,936.0,,,,5056.0,,,,,,
A162,05,247.0,,189.0,535.0,,,873.0,,,,,,
A163,05,,,,,,,,39.0,125.0,43.0,,,
A164,05,,,1503.0,,,,1617.0,,,,,,
A165,05,,,,,,,959.0,,,,,,
A166,07,,,,,,,,3.0,10.0,,,,
A167,07,,,,,234.0,,,,,,,,
A168,07,,,,,,224.0,,,,,,,481.0
A169,07,,,,,,,,,,,,94.0,
A170,07,,,,,,,,,,,,102.0,
A171,07,,,,,,,,,,,,76.0,
A172,07,,,,,,,,3.0,22.0,,,,
A173,07,,,,,,31.0,,,,,,,29.0
A174,07,,,,,,20.0,,,,,,,105.0
A175,07,,,,,,9.0,,,,,,,27.0
A176,07,,,,,,,334.0,,,,290.0,,
A177,07,,,,,,,,3.0,3.0,9.0,,,
A178,07,,,,,,,,3.0,3.0,9.0,,,
A179,07,,,,,,,,,,,,1147.0,
A180,07,,,,,794.0,,,,,,,,
A181,07,,,,,,,,,,,1822.0,,
A182,07,,,,,,,2074.0,,,,569.0,,
A183,07,452.0,839.0,291.0,800.0,,,949.0,,,,120.0,,
A184,07,,,,,,443.0,,,,,,,2583.0
A185,07,,,,,250.0,,,,,,,,
A186,07,,,,,189.0,,,,,,,,
A187,07,,,,,,586.0,2330.0,,,,,3255.0,
A188,07,,,,,,,341.0,,,,,,
A189,07,,,,,,,930.0,,,,,,
A190,07,,,,,,,384.0,,,,,,
A191,07,,,,,,,,35.0,310.0,,,,
A192,07,,,,,,,,4.0,17.0,56.0,,,
A193,07,,,,,,,,,,,,1750.0,
A194,07,,,,,356.0,,,,,,,319.0,
A195,07,,,,,3204.0,,,,,,,3826.0,
A196,07,,,,,942.0,,,,,,,,
A197,07,,,,,,,,,,,,396.0,
A198,07,,,,,,,,,,,617.0,,
A199,07,,,,,1048.0,,,,,,,,
A200,07,,21348.0,,,,,,,,,2673.0,,
A201,07,,1630.0,,,,,,,,,501.0,,
A202,07,,,,,836.0,,,,,,,,
A203,07,,2201.0,,,,,,,,,1441.0,,
A204,07,4007.0,,,10676.0,,,,131.0,1101.0,671.0,,,
A205,07,,1150.0,,,,,,,,,554.0,,
A206,07,,,1097.0,,,,1728.0,,,,,,
A207,07,2077.0,,,5904.0,,,,,,,,,
A208,07,,,,,,,3570.0,,,,,,
A209,07,,,,,,279.0,,,,,,,563.0
A210,07,985.0,,1940.0,3206.0,,,,,,,,,
A211,07,,,,,,,,,,,1235.0,,
A212,07,,,,,97.0,,,,,,,,
A214,07,,,,,,,,70.0,369.0,,,,
A215,07,,,,,772.0,,,,,,,,
A219,07,,,,,,133.0,,,,,,,352.0
A220,07,,,,,574.0,,,,,,,,
A221,07,,2876.0,,,,,2594.0,,,,,,
A222,07,,,,,914.0,,,,,,,,
A223,07,,,1469.0,,,,2373.0,,,,,,
A224,07,,,1469.0,,,,2373.0,,,,,,
A225,07,,,,,,,903.0,,,,383.0,,
A227,07,,,,,,226.0,,,,,,,1186.0
A228,07,,,,,,,,76.0,396.0,199.0,,,
A229,07,,,,,,,,183.0,592.0,129.0,,,
A230,07,,,,,,,,83.0,339.0,143.0,,,
A231,07,,,304.0,,,,,,,,,,
A232,07,,,,,,,,40.0,177.0,,,,
A233,09,,272.0,,,,,,,,,,,
A234,09,,,,,228.0,,,,,,,,
A235,09,,,,,,,,,,,83.0,,
A236,09,,,,,310.0,,,,,,,,
A237,09,,186.0,,,,,74.0,,,,89.0,,
A238,09,,,,,,,,30.0,93.0,,,,
A239,09,,,,,,,,4.0,13.0,,,,
A240,09,,,,,,,,10.0,22.0,25.0,,,
A241,09,,,,,,,,1.0,3.0,7.0,,,
A242,09,,,,,,,,90.0,574.0,,,,
A243,09,,,,,,,,,,,,641.0,
A244,09,,,,,,,,,,,,92.0,
A245,09,475.0,,266.0,539.0,,,,,,,,,
A246,09,,3533.0,,,,,,,,,,,
A247,09,,879.0,,,,,,,,,567.0,,
A248,09,,,,,,,,,,,,2194.0,
A249,09,,,,,676.0,,,,,,,,
A250,09,,,,,,,1619.0,,,,,,
A251,09,,,,,,34.0,,,,,,,95.0
A252,09,,,1918.0,,,,,,,,,,
A253,09,,,,,,,,107.0,572.0,143.0,,,
A254,09,289.0,914.0,155.0,723.0,52.0,7.0,541.0,23.0,44.0,,131.0,154.0,29.0
A255,09,289.0,914.0,155.0,723.0,52.0,7.0,541.0,23.0,44.0,,131.0,154.0,29.0
A256,09,1151.0,,,1941.0,,,,,,60.0,,,
A257,09,1290.0,,,2047.0,,,,,,,,,
A258,09,1535.0,,2427.0,4422.0,,,,,,,,,
A259,09,1261.0,,,5170.0,,,,,,,,,
A260,09,647.0,,748.0,1700.0,,,,,,,,,
A261,09,,4131.0,,,,,,,,,,,
A262,09,,1030.0,,,,,,,,,,,
A263,09,,,,,,,,,,,1583.0,,
A264,09,,5989.0,,,,,,,,,2600.0,,
A265,09,,2825.0,,,,,,,,,598.0,,
A266,09,,,5724.0,,,,18092.0,,,,,,
A267,09,,,,,,310.0,2680.0,,,,,1930.0,
A268,09,,,,,,232.0,,,,,,,574.0
A271,09,304.0,548.0,80.0,321.0,18.0,4.0,745.0,16.0,26.0,,68.0,203.0,27.0
A272,09,304.0,548.0,80.0,321.0,18.0,4.0,745.0,16.0,26.0,,68.0,203.0,27.0
A273,09,,756.0,,,,,,,,,,,
A274,09,,,,,,,,,,,,580.0,103.0
A275,09,,,,,524.0,,,,,,,,
A276,09,,,,,311.0,,,,,,,,
A277,09,,,,,403.0,,,,,,,,
A278,09,1670.0,,2504.0,4618.0,,,,,,,,,
A279,09,,,1178.0,,,,1790.0,,,,,,
A280,09,,,,,803.0,,,,,,,,
A282,09,,,,,123.0,,,,,,,,
A283,09,,,,,,,,63.0,345.0,242.0,,,
A284,09,,,,,,,,95.0,452.0,113.0,,,
A285,09,,,,,,,,44.0,415.0,158.0,,,
A287,11,30.0,140.0,81.0,115.0,,,169.0,,,,,,
A288,11,30.0,140.0,81.0,115.0,,,169.0,,,,,,
A289,11,26.0,86.0,40.0,71.0,13.0,8.0,56.0,,14.0,1.0,32.0,48.0,21.0
A290,11,33.0,114.0,32.0,81.0,12.0,3.0,57.0,,17.0,1.0,37.0,42.0,29.0
A291,11,144.0,302.0,215.0,513.0,,,234.0,,,,185.0,,
A292,11,203.0,353.0,366.0,809.0,,,313.0,,,,221.0,,
A293,11,137.0,268.0,201.0,493.0,,,245.0,,,,98.0,,
A294,11,230.0,268.0,336.0,665.0,,,276.0,,,,203.0,,
A295,11,13.0,22.0,41.0,26.0,25.0,,51.0,,3.0,2.0,12.0,30.0,27.0
A296,11,204.0,213.0,321.0,625.0,,,308.0,,,,162.0,,
A297,11,319.0,503.0,457.0,1134.0,,,479.0,,,,306.0,,
A298,11,955.0,,,3714.0,,,,,,,,,
A299,11,,,,,,47.0,,,,,,365.0,154.0
A300,11,,,,,,26.0,,,,,,217.0,114.0
A301,11,10.0,71.0,33.0,58.0,26.0,9.0,54.0,1.0,10.0,2.0,20.0,46.0,25.0
A303,11,,,,,,18.0,,,,,,163.0,64.0
A304,11,,1644.0,,,,,,,,,,,
A305,11,,,,,,47.0,,,,,,501.0,189.0
A306,11,304.0,650.0,500.0,967.0,82.0,113.0,1156.0,8.0,21.0,,364.0,607.0,382.0
A307,11,,,534.0,,,,,,,,,,
A308,11,585.0,818.0,1036.0,1286.0,201.0,67.0,1113.0,1.0,28.0,,341.0,1108.0,445.0
A309,11,269.0,432.0,463.0,864.0,,,430.0,,,,267.0,,
A310,11,,,858.0,,,,,,,,,,
A311,11,,,,,,148.0,,,,,,,849.0
A312,11,,,,,,,7229.0,,,,,,
A313,11,,864.0,,,,,,,,,552.0,,
A314,11,,,,,167.0,60.0,,,,,,497.0,140.0
A315,11,,9108.0,,,,,,,,,1243.0,,
A316,11,1300.0,,,4514.0,,,,,,,,,
A317,11,1354.0,,,5768.0,,,,,,,,,
A318,11,,,,,,,,,,,695.0,,
A319,11,,280.0,,,,,,,,,,,
A320,11,1214.0,,,,,,,,,,,,
A321,11,17.0,49.0,14.0,87.0,,,45.0,,,,12.0,,
A322,11,17.0,49.0,14.0,87.0,,,45.0,,,,12.0,,
A323,11,,92.0,,,,,,,,,,,
A324,11,,,2015.0,,,,,,,,,,
A325,11,,,,,,,,,,,1332.0,,
A326,11,,554.0,,,,,,,,,2772.0,,
A327,11,11.0,45.0,21.0,45.0,15.0,6.0,39.0,3.0,8.0,,12.0,27.0,26.0
A328,11,,,483.0,,,,,,,,,,
A329,11,,,615.0,,,,,,,,,,
A330,11,,,1750.0,,,,,,,,,,
A331,11,,425.0,,,,,369.0,,,,142.0,,
A332,11,,,,,,,367.0,,,,,,
A333,11,,,,,,,,,,,1514.0,,
A334,11,,1755.0,,,,,,,,,2140.0,,
A335,11,761.0,,,4343.0,,,,,,,,,
A336,11,10.0,41.0,19.0,24.0,11.0,4.0,33.0,,7.0,1.0,18.0,28.0,22.0
A337,11,,1101.0,,,,,,,,,,,
A338,11,,463.0,,,,,502.0,,,,147.0,,
A339,11,,,,,,,114.0,,,,,,
A340,11,,,,,,,419.0,,,,,,
A341,11,,,,,,277.0,,,,,,,788.0
A342,11,,,,,,,656.0,,,,,,
A343,11,,,,,,,,4.0,9.0,,,276.0,
A344,11,,,,,1465.0,,,,,,,1487.0,
A345,11,,,,,,,584.0,,,,,,
A346,13,,,,,,,,,,,297.0,,
A347,13,43.0,68.0,44.0,80.0,38.0,15.0,443.0,,3.0,,62.0,41.0,22.0
A348,13,43.0,68.0,44.0,80.0,38.0,15.0,443.0,,3.0,,62.0,41.0,22.0
A349,13,,,,353.0,,,,,,,,,
A350,13,,,,,,,539.0,,,,,,
A351,13,28.0,181.0,142.0,51.0,,4.0,286.0,3.0,5.0,,14.0,35.0,37.0
A352,13,28.0,181.0,142.0,51.0,,4.0,286.0,3.0,5.0,,14.0,35.0,37.0
A353,13,300.0,,,754.0,,,,,,,,,
A354,13,147.0,,310.0,253.0,,,,,,,,,
A355,13,,,,,,,,,,,,285.0,
A356,13,1890.0,1638.0,2032.0,4481.0,567.0,373.0,2646.0,19.0,109.0,,1557.0,2956.0,1509.0
A357,13,,,,,,75.0,,,,,,440.0,176.0
A358,13,,,340.0,,,,,,,,,,
A359,13,,,,,,,1150.0,,,,,,
A360,13,,,,,,53.0,,,,,,371.0,151.0
A361,13,,,,,,57.0,,,,,,372.0,166.0
A362,13,,,,,,196.0,,,,,,,439.0
A363,13,,,,,,64.0,,,,,,,540.0
A364,13,,,,,,50.0,,,,,,388.0,171.0
A365,13,,,1329.0,,,,,,,,,,
A366,13,588.0,,1174.0,819.0,,,,,,,,,
A367,13,,,,1335.0,,,,,,,,,
A369,13,,,,,,240.0,,,,,,,679.0
A370,13,967.0,,,2786.0,,,,,,,,,
A371,13,,,,,,531.0,,,,,,,951.0
A372,13,1528.0,,,5745.0,,,1977.0,,,,,,
A373,13,410.0,,,3887.0,,,,,,,,,
A374,13,,659.0,,,,,657.0,,,,,,
A375,13,,2730.0,,,,,,,,,471.0,,
A376,13,635.0,,1295.0,1865.0,,,,,,,,,
A377,13,,,2488.0,,,,,,,,,,
A378,13,836.0,,1295.0,2344.0,,,,,,,,,
A379,13,,1148.0,,,,,,,,,,,
A380,13,780.0,858.0,930.0,2180.0,316.0,210.0,1200.0,4.0,68.0,,683.0,1805.0,916.0
A381,13,,,,,,101.0,,,,,,634.0,210.0
A382,13,,333.0,,,,,,,,,,,
A383,13,,,,,,18.0,,,,,,183.0,76.0
A384,13,,,,,,,,,,,772.0,,
A385,13,159.0,1032.0,261.0,780.0,76.0,15.0,2104.0,11.0,62.0,10.0,296.0,183.0,174.0
A386,13,,,,,,54.0,,,,,,,116.0
A387,13,,,,,,,,,,,281.0,,
A388,13,,,,,,155.0,,,,,,,244.0
A389,13,,,,,,104.0,,,,,,,988.0
A390,13,,,,,,,,,,,708.0,,
A391,13,261.0,,,690.0,,,,,,,,,
A392,13,1330.0,,,3276.0,,,,,,,,,
A393,13,7.0,,44.0,52.0,21.0,33.0,24.0,3.0,4.0,,,36.0,10.0
A394,13,343.0,1385.0,687.0,540.0,56.0,127.0,1395.0,2.0,28.0,,664.0,591.0,454.0
A395,13,,,,,,,593.0,,,,108.0,,
A396,13,,,764.0,,,,,,,,,,
A397,13,,,,,,,,,,,,346.0,
A398,13,,7387.0,,,,,,,,,841.0,,
A399,13,,,,,,,,,,,,643.0,
A400,13,,,,,,,,,,,,367.0,
A402,13,764.0,3612.0,707.0,1942.0,285.0,25.0,5187.0,59.0,297.0,106.0,447.0,634.0,256.0
A403,13,764.0,3612.0,707.0,1942.0,285.0,25.0,5187.0,59.0,297.0,106.0,447.0,634.0,256.0
A404,13,,,,,124.0,,,,,,,,
A406,13,,,,,,,2537.0,,,,,,
A410,15,224.0,390.0,301.0,676.0,,,441.0,,,,239.0,,
A411,15,181.0,318.0,292.0,635.0,,,358.0,,,,242.0,,
A412,15,,,,,,,450.0,,,,,,
A413,15,625.0,739.0,553.0,1678.0,86.0,70.0,666.0,7.0,20.0,,418.0,171.0,137.0
A417,15,,,,,,,,,,,,1053.0,
A418,15,,,1393.0,,,,,,,,,,
A420,15,,2414.0,,,,,1648.0,,,,,,
A421,15,284.0,464.0,430.0,831.0,,,380.0,,,,237.0,,
A422,15,,1133.0,,,,,969.0,,,,524.0,,
A423,15,392.0,752.0,490.0,821.0,,,1035.0,,,,165.0,,
A424,15,,,,,,,5258.0,,,,,,
A425,15,147.0,179.0,189.0,446.0,,,131.0,,,,130.0,,
A426,15,,,,,,,1229.0,,,,,,
A427,15,675.0,,,2392.0,,,,,,,,,
A428,15,,,3235.0,,,,,,,,,,
A429,15,92.0,,140.0,315.0,,,,,,,,,
A430,15,754.0,1026.0,1044.0,2327.0,302.0,125.0,1016.0,5.0,48.0,,536.0,936.0,532.0
A431,15,,,,,,173.0,,,,,,,506.0
A433,15,86.0,,126.0,250.0,,,,,,,,,
A434,15,,,1839.0,,,,,,,,,,
A435,15,,,,,67.0,,,,,,,119.0,
A436,15,,,,,,,,,,,,1890.0,
A437,15,,,,1617.0,,,,,,,,,
A438,15,,,,,715.0,,,,,,,3723.0,
A439,15,89.0,445.0,152.0,178.0,,,200.0,6.0,7.0,,87.0,83.0,45.0
A440,15,273.0,,766.0,,,,,,,,,,
A451,21,,,,,,,361.0,,,,,,
A452,21,,480.0,,,,,472.0,,,,,,
A453,21,,895.0,,,,,,,,,,,
A455,21,,,,,,,377.0,,,,,,
A456,21,,189.0,,,,,187.0,,,,,,
A459,21,,,,,,,,,,,624.0,,
A460,21,,,,,,,,,,,2.0,,
A466,21,,,,,,,,,,,6.0,,
A478,21,19.0,131.0,49.0,74.0,95.0,4.0,243.0,7.0,50.0,14.0,55.0,109.0,42.0
A479,21,,32.0,,,,,,,,,,,
A480,21,,,,,,,,,,,504.0,,
A481,21,,513.0,,,,,,,,,,,
A482,21,,35.0,,,,,,,,,,,
A483,21,,484.0,,,,,,,,,,,
A484,21,,651.0,,,,,,,,,338.0,,
A485,21,,,,,,,,,,,,11.0,
A486,21,,,,,,,,,,,,38.0,
A487,21,,8.0,,,,,,,,,,,
A488,21,,,,,,,,,,,,16.0,
A489,21,,,,,,,11.0,,,,,,
A490,21,92.0,403.0,175.0,426.0,33.0,4.0,711.0,10.0,43.0,,141.0,78.0,74.0
A491,21,,,,,,,,,,,,,11.0
A492,21,,0.0,,,,,,,,,,,
A493,21,83.0,739.0,232.0,645.0,30.0,4.0,1142.0,10.0,39.0,17.0,196.0,55.0,74.0
A495,21,,,,,,,,34.0,295.0,,,,
A496,21,,,1964.0,,,,,,,,,,
A497,21,,,,,,,1871.0,,,,,,
A498,21,,7710.0,,,,,,,,,1068.0,,
A499,21,,,,,,13.0,,,,,,,
A500,21,,,,,,2.0,,,,,,,
A501,21,,3.0,,,,,7.0,,,,,,
A503,21,,,,,,,161.0,,,,,,
A504,21,53.0,,,173.0,,,,,,,,,
A505,21,43.0,,22.0,74.0,,,,,,,,,
A506,21,,29.0,,,,,150.0,,,,,,
A508,21,,14.0,,,,,109.0,,,,,,
A509,21,,,,,,,1677.0,,,,,,
A510,21,,5369.0,,,,,,,,,907.0,,
A511,21,,234.0,,,,,,,,,68.0,,
A515,21,,132.0,,,,,,,,,,,
A516,21,,,,,,,4.0,,,,,,
A519,21,,,,,,,,3.0,,,,,
A522,21,,,,,,,1.0,,,,,,
A523,21,,,,,,,4.0,,,,,,
A524,21,,637.0,,,,,12.0,,,,,,
A527,21,,,398.0,,,,,,,,,,
A528,21,,,,,,152.0,,,,,,,320.0
A529,21,21.0,,48.0,66.0,,,,,,,,,
A530,21,19.0,,41.0,33.0,,,,,,,,,
A531,21,,,,,,,,,,,,166.0,
A532,21,3.0,,6.0,26.0,,,,,,,,,
A534,21,11.0,,18.0,32.0,,,,,,,,,
A535,21,5.0,,10.0,16.0,,,,,,,,,
A537,21,4.0,,9.0,9.0,,,,,,,,,
A538,21,29.0,,28.0,36.0,,,,,,,,,
A539,21,13.0,,21.0,39.0,,,,,,,,,
A540,21,5.0,,5.0,15.0,,,,,,,,,
A541,21,33.0,,51.0,83.0,,,,,,,,,
A542,21,,24.0,29.0,10.0,9.0,1.0,30.0,,4.0,3.0,9.0,7.0,5.0
A543,21,,,,,,222.0,,,,,,,307.0
A544,21,12.0,,30.0,42.0,,,,,,,,,
A545,21,10.0,,12.0,12.0,,,,,,,,,
A546,21,6.0,,21.0,10.0,,,,,,,,,
A547,21,8.0,,21.0,25.0,,,,,,,,,
A548,21,,,3.0,9.0,,,,,,,,,
A549,21,5.0,,16.0,8.0,,,,,,,,,
A550,21,42.0,,63.0,84.0,,,,,,,,,
A551,21,4.0,,10.0,24.0,,,,,,,,,
A552,21,13.0,,17.0,27.0,,,,,,,,,
A553,21,50.0,,77.0,111.0,,,,,,,,,
A557,21,,566.0,,,,,,,,,,,
A559,21,,1107.0,,,,,,,,,,,
A560,21,,2.0,,,,,,,,,2.0,,
A561,21,,2.0,,,,,,,,,2.0,,
A562,21,,,,,,,,,,,1.0,,
A563,21,,,,,,,,,,,1.0,,
A564,21,,4.0,,,,,,,,,,,
A565,21,,,,,,,,,,,14.0,,
A566,21,,,,,,,,,,,4.0,,
A567,21,,29.0,,,,,,,,,,,
A568,21,,12.0,,,,,,,,,2.0,,
A569,21,,12.0,,,,,,,,,2.0,,
A570,21,,11.0,,,,,,,,,,,
A571,21,,2.0,,,,,,,,,,,
A572,21,,48.0,,,,,,,,,7.0,,
A573,21,,163.0,,,,,,,,,29.0,,
A574,21,,16.0,,,,,,,,,,,
A576,21,9.0,,22.0,29.0,,,,,,,,,
A577,21,,,,1.0,,,,,,,,,
A578,21,,,1.0,1.0,,,,,,,,,
A579,21,,3053.0,,,,,3586.0,,,,,,
A580,21,,,,,,,,,,,1.0,,
A582,21,,,,,,,,,,,239.0,,
A583,21,,,,4.0,,,,,,,,,
A584,21,,,951.0,,,,,,,,,,
A585,21,,75.0,,,,,56.0,,,,,,
A586,21,,22.0,,,,,24.0,,,,,,
A587,21,,16.0,,,,,6.0,,,,,,
A588,21,9.0,39.0,38.0,36.0,3.0,1.0,47.0,,,,8.0,18.0,11.0
A589,21,,,,,,,15.0,,,,,,
A590,21,,,,,,,1.0,,,,,,
A591,21,,,,,,,5.0,,,,,,
A592,21,,,,,,314.0,,,,,,,593.0
A593,21,,,,,,,169.0,,,,,,
A594,21,,,,,,,5.0,,,,,,
A595,21,,,,,,,5.0,,,,,,
A596,21,,,,,,,2.0,,,,,,
A598,22,,,,,,184.0,,,,,,,283.0
A599,22,71.0,,,231.0,,,,,,,,,
A600,22,,,,,,,2010.0,,,,,,
A601,22,,,,,131.0,,,3.0,23.0,,,,
A602,22,,,,,,,,,,,,266.0,
A603,22,,,,,,,,,,,,,870.0
A604,22,,,,,,72.0,,,,,,,143.0
A605,22,3.0,38.0,25.0,20.0,15.0,1.0,46.0,1.0,11.0,3.0,16.0,20.0,10.0
A606,22,,,,,,,5654.0,,,,,,
A607,22,608.0,,,,,,,,,,,,
A608,22,,,,,,,,,,,,,262.0
A609,22,,,,,,266.0,,,,,,,
A611,22,,,,,,,,,,,,1273.0,
A613,22,,,,,,21.0,,,,,,,66.0
A614,22,368.0,,,1861.0,,,,,,,,,
A615,22,,,,,,29.0,,,,,,,76.0
A616,22,,,,,449.0,,,,,,,1112.0,
A617,22,539.0,,1019.0,1852.0,,,,,,,,,
A619,22,1.0,6.0,10.0,10.0,4.0,,11.0,,,,13.0,9.0,4.0
A620,22,377.0,,,1069.0,,,,,,,,,
A621,22,,,,,826.0,,,,,,,1318.0,
A622,22,,,,,,,,,,,,553.0,
A624,22,,,,,,,,,,,577.0,,
A625,22,,,,,,,,,,,,249.0,
A626,22,,,,,,,4.0,,,,,,
A627,22,,,,,,,4.0,,,,,,
A628,22,,,,,,,16.0,,,,,,
A629,22,,,,,,,12.0,,,,,,
A630,22,,,,,,,18.0,,,,,,
A632,22,,,,,,,61.0,,,,,,
A633,22,,17.0,5.0,,,,53.0,,,,,,
A634,22,,17.0,5.0,,,,53.0,,,,,,
A636,22,,,,,,,33.0,,,,,,
A637,22,,,,,,,33.0,,,,,,
A639,22,,,,,,,36.0,,,,,,
A640,22,,1.0,,,,,3.0,,,,,,
A641,22,,1.0,,,,,3.0,,,,,,
A642,22,,,,,,,,,,,3.0,,
A643,22,,29.0,10.0,,,,89.0,,,,,,
A644,22,,29.0,10.0,,,,89.0,,,,,,
A645,22,,2.0,,,,,17.0,,,,,,
A646,22,,,,,,,,,,,,29.0,
A648,22,,,257.0,,,,,,,,,,
A649,22,,,2.0,,,,,,,,,,
A650,22,,,2.0,,,,,,,,,,
A651,22,,,9.0,,,,,,,,,,
A655,22,2.0,,,,,,,,,,,,
A656,22,2.0,,1.0,15.0,,,,,,,,,
A657,22,4.0,,1.0,15.0,,,,,,,,,
A658,22,3.0,,,6.0,,,,,,,,,
A659,22,,,,5.0,,,,,,,,,
A660,22,2.0,,3.0,4.0,,,,,,,,,
A666,22,,,,,,,6.0,,,,,,
A670,22,3.0,1.0,1.0,17.0,1.0,,10.0,,,,1.0,,
A671,22,,3.0,5.0,7.0,4.0,,8.0,,,,2.0,4.0,1.0
A673,22,,,3.0,1.0,1.0,,1.0,1.0,,,,5.0,3.0
A674,22,16.0,67.0,39.0,82.0,5.0,,71.0,,,,,17.0,25.0
A675,22,2.0,26.0,7.0,1.0,,,6.0,,3.0,,2.0,5.0,1.0
A676,22,9.0,25.0,12.0,17.0,2.0,2.0,33.0,,1.0,,6.0,14.0,7.0
A677,22,,94.0,,,3.0,2.0,115.0,,,,20.0,15.0,11.0
A678,22,3.0,12.0,52.0,45.0,5.0,,13.0,1.0,,,3.0,6.0,2.0
A679,22,2.0,6.0,12.0,10.0,,,10.0,,,,5.0,4.0,1.0
A682,22,,1.0,,,,,2.0,,,,,,
A683,22,,,,,39.0,,,,,,,,
A684,22,,,,,,,,,,,,89.0,
A685,22,,,,,,,,,,,309.0,,
A686,22,,,,,60.0,,,3.0,28.0,,,,
A687,22,,,,,92.0,,,3.0,15.0,,,,
A688,22,,,,,101.0,,,3.0,21.0,,,,
A689,22,,,,,71.0,,,2.0,16.0,,,,
A690,22,,,,,102.0,,,3.0,30.0,,,,
A691,22,,,,,61.0,,,1.0,5.0,,,,
A692,22,,,,,95.0,,,7.0,27.0,,,,
A694,22,6.0,,6.0,17.0,,,,,,,,,
A695,22,,,,,10.0,6.0,,,,,,48.0,24.0
A696,22,10.0,,8.0,29.0,,,,,,,,,
A699,22,,,,,4.0,7.0,,,,,,23.0,7.0
A700,22,,,,,13.0,7.0,,,,,,39.0,16.0
A701,22,,,,,11.0,1.0,,,,,,28.0,11.0
A702,22,,,,,,,,13.0,10.0,,,,
A703,22,,,,,147.0,,,3.0,30.0,,,,
A704,22,,,,,,,,,,,,195.0,
A705,22,,,,,90.0,,,6.0,27.0,,,,
A707,22,,,,,47.0,,,2.0,23.0,,,,
A708,31,,,,,,,,25.0,68.0,,,,
A709,31,,,,,,,,81.0,179.0,247.0,,,
A710,31,,105.0,,,,,,,,,,,
A711,31,,,,,,,,3.0,18.0,,,,
A712,31,,,,,,,,118.0,243.0,,,,
A713,31,,,,,,,,14.0,25.0,11.0,,,
A715,31,,99.0,,,,,,,,,,,
A717,31,,,,,,,,127.0,388.0,193.0,,,
A718,31,,,190.0,,,,,,,,,,
A719,31,,,,,,,,7.0,45.0,5.0,,,
A720,31,,,,,,,,11.0,190.0,,,,
A721,31,,,,,,,,41.0,,,,,
A722,31,,,76.0,,,,,,,,,,
A723,31,,,,,,,,25.0,516.0,3.0,,,
A724,31,,,,,,,,100.0,925.0,94.0,,,
A725,31,,,,,,,,10.0,102.0,,,,
A726,31,,,,,,,,39.0,57.0,,,,
A727,31,,,,,,,,18.0,84.0,,,,
A728,31,,,,,,,,20.0,117.0,,,,
A729,31,,,,,,,,134.0,302.0,158.0,,,
A730,31,,,,,,,,24.0,,,,,
A731,31,,,,,,,,,,,,,126.0
A732,31,,,,,,,,68.0,324.0,,,,
A733,31,,,,,,,,,17.0,,,,
A735,31,,,,,,,,29.0,116.0,,,,
A736,31,,,,,,,,33.0,67.0,,,,
A739,31,,,,,,,,24.0,163.0,52.0,,,
A742,31,,,,,,,,,,1.0,,,
A749,31,,,,,,,,,,6.0,,,
A750,31,,,112.0,,,,,,,,,,
A751,31,,,,,,,,,,,,2.0,
A752,31,,,,,,,2.0,,,,,,
A753,31,,,,,,,,,,,,79.0,
A755,31,,,1.0,,,,,,,,,,
A756,31,,,,,,,,5.0,29.0,,,,
A757,31,,,,,,,,,6.0,,,,
A758,31,,,,,,,13.0,,,,,,
A759,31,,,,,,,,,37.0,,,,
A760,31,,,23.0,,,,,,,,,,
A761,31,,,,,,,,,,,8.0,,
A762,31,64.0,,,,,,,,,,,,
A763,31,,,5.0,,,,,,,,,,
A764,31,,,,,,,,7.0,33.0,,,,
A765,31,,,,,,,,,1.0,,,,
A766,31,,,,,,,,,88.0,,,,
A767,31,,,,,,,,2.0,2.0,,,,
A768,31,,,,,,,,,2.0,,,,
A769,31,,,,,,,,,,6.0,,,
A770,31,,,,,,,,,20.0,,,,
A771,31,,,,,,,,,,16.0,,,
A772,31,,,,,,,,,2.0,,,,
A774,31,,,,,,,,1.0,1.0,,,,
A775,31,,,,,,,,1.0,,,,,
A778,31,,,,,,,,3.0,,,,,
A779,31,,,,,,,,1.0,,,,,
A782,31,,,,,,,,,20.0,,,,
A783,32,,,,,,145.0,,,,,,,138.0
A784,32,,,,,,78.0,,,,,,,186.0
A786,32,,,,,217.0,,,,,,,,
A787,32,,,,,410.0,,,,,,,,
A788,32,,,,,211.0,,,,,,,,
A789,32,,,,,233.0,,,,,,,,
A790,32,2.0,,,3.0,,,,,,,,,
A791,32,,,,,129.0,,,,,,,,
A792,32,,,,,,174.0,,,,,,,358.0
A793,32,,,,,13.0,,,,,,,,
A794,32,,,,,,104.0,,,,,,,
A796,32,,,,,,31.0,,,,,,,53.0
A798,32,,,,,318.0,,,,,,,985.0,
A799,32,,,,,127.0,,,,,,,,
A800,32,,,,,110.0,,,,,,,,
A801,32,,,,,372.0,,,,,,,,
A802,32,,,,,152.0,,,,,,,,
A803,32,,,,,42.0,,,,,,,136.0,
A804,32,,,,,,,,15.0,33.0,,,,
A806,32,,,,,5.0,,,,,,,,
A807,32,,,,,290.0,,,,,,,,
A808,32,,,,,,18.0,,,,,,,11.0
A809,32,,,,24.0,,,,,,,,,
A810,32,,,,,,,,,,14.0,,,
A811,32,,,,,38.0,,,,,,,95.0,
A812,32,,,,,15.0,,,,,,,,
A813,32,,,,,,3.0,,,,,,,
A814,32,,,,,,28.0,,,,,,,
A815,32,4.0,,,,,,,,,,,,
A816,32,,,,,,,,,,,,,30.0
A817,32,,,,,140.0,,,,,,,,
A818,32,,,,,,67.0,,,,,,,
A819,32,,,,,,,,,,,,,125.0
